"Treatment";"C1";"C2";"C3";"M1";"M2";"M3";"Outcome"
1;0;0;0;20.7176719552708;0;2;114.466980362192
1;1;1;1;35.5847883722781;1;2;186.486073063373
1;0;1;1;31.7046843916634;0;2;169.727900477498
0;1;0;0;15.0672405689129;0;0;69.3109891386089
0;0;1;0;14.1204815642791;0;0;70.5409548641616
0;0;1;1;22.8415888202993;0;0;107.505745955374
0;0;1;0;14.3711572669575;0;0;71.8152150904261
1;0;0;1;25.4233877769265;0;1;129.169135230269
1;0;0;0;17.637544948867;0;1;94.2118002658845
1;1;0;0;21.4883593966016;0;1;112.424255775202
0;0;0;0;8.65363061203375;0;0;41.6058839781241
1;0;0;0;19.0729678692491;0;2;109.34269895186
0;1;0;0;16.111625226214;0;0;72.9901198318496
0;1;1;0;16.7255416106925;0;0;81.625781578763
1;0;1;0;22.5211879318502;0;1;119.926577017187
1;1;0;0;24.4979392931704;0;2;133.630614223522
1;0;0;0;17.233395644165;0;1;91.4047509816688
1;0;1;1;30.1143457154248;0;1;154.078600051043
0;1;1;0;18.8416060067275;0;0;92.7193635009537
1;1;0;0;21.4268418017153;0;2;120.926221272672
0;0;1;1;22.7611952247475;0;0;107.490268425798
0;0;0;0;9.77648467369457;0;0;46.7261641032314
0;1;0;1;20.268207089638;1;0;94.6540008125083
0;0;1;0;14.2497488157473;0;0;68.3642005219734
1;1;1;0;29.0974073910974;0;2;158.78993949653
0;1;0;0;14.1373038277272;0;0;65.3155151622445
0;0;0;1;16.8541414679884;0;0;78.3900111142822
0;0;0;0;8.89930155964113;0;0;44.4954773073235
1;1;1;0;28.4343492540654;0;2;155.187523468278
0;1;1;0;20.3622513688105;0;0;95.4546531613222
1;0;1;1;31.8124014352455;0;2;168.704640286158
0;0;1;1;22.7483111939441;0;0;106.349701770267
0;1;1;0;18.3054864090148;0;0;88.0707321751138
1;1;1;0;27.9739224257464;0;2;153.890393568808
0;0;0;0;7.99003749596889;0;0;41.1375365904849
0;1;0;0;12.8128335624818;0;0;60.4928700491276
1;1;0;1;30.0425598771312;1;2;159.002103946481
0;1;1;1;26.7383336373177;1;0;126.072606190831
0;1;0;0;14.5552368659875;0;0;66.0747324344744
1;1;1;0;25.7261489040784;0;1;136.766738310636
1;1;1;1;33.6914075890357;1;0;161.517508622503
1;0;0;0;20.5775283754395;0;2;114.913333033902
1;1;0;0;22.9683664537089;0;2;128.104744158951
0;0;1;1;20.0975094612087;0;0;96.5282184610427
0;0;1;0;13.9277152193834;0;0;71.6603095645092
0;1;1;1;27.4652886925708;1;0;128.680901595385
1;0;1;1;30.8863172170953;0;1;156.541600426015
0;0;0;0;9.41492112154455;0;0;45.1332541526659
1;1;0;0;23.9165887300949;0;1;120.135951749498
0;1;0;0;14.6506446178747;0;0;67.5227164067266
1;1;1;0;27.7528168282218;0;1;144.71902011948
1;0;0;0;17.7440021623628;0;1;95.1789642424314
0;0;0;1;17.3422810679345;0;0;80.3625090121659
1;0;0;0;18.2979418825005;0;2;107.494699991335
1;0;0;0;18.7568367452652;0;2;107.077816793438
0;1;0;0;13.8043345156857;0;0;63.8303648753199
0;1;1;1;24.5943755723156;0;0;117.822047590199
1;0;0;1;24.6475004149533;0;2;134.905521713694
1;0;1;0;23.1407304148572;0;2;132.97850752659
1;0;0;0;20.213905278204;0;2;114.200765253118
1;1;0;0;22.6410690845697;0;1;115.789998376378
0;0;1;0;15.281140720009;0;0;73.8398386610404
1;0;1;0;22.7065855909548;0;1;121.871741383909
0;0;0;1;16.2793735313406;0;0;75.5956669324797
1;1;0;0;23.9406588024714;0;1;121.580811607209
1;1;1;1;36.0982693503022;1;2;189.754421683157
1;0;1;0;24.9339319958753;0;2;138.683833471681
0;1;1;0;20.4442603078117;0;0;95.2509956516844
1;0;1;0;24.485731547242;0;1;127.68144036385
1;1;0;0;23.6986908969412;0;2;129.373585471389
1;0;0;1;25.2895388113645;0;1;130.227630915907
0;0;1;1;22.8907106475289;0;0;109.368384739563
1;1;1;1;33.1052656270677;0;1;169.578976598939
0;0;0;1;16.3246496820068;0;0;74.4828126764661
0;0;1;1;21.0487277310543;0;0;100.74801047223
0;1;1;1;26.1176882830805;1;0;123.674415565938
1;1;1;0;25.7061545779919;0;1;134.522215767961
1;1;0;1;28.4210825987827;1;1;143.425766828531
0;0;1;1;21.5150850900643;0;0;102.375130452964
1;1;0;0;21.4729459116365;0;1;110.572451258108
0;1;1;0;19.48911401782;0;0;92.6128711701442
1;0;1;1;31.3841707331323;0;1;158.660354739371
0;0;1;0;15.0730697140787;0;0;73.4684802875268
1;1;0;1;33.0266090101801;1;2;171.720664066448
1;1;0;0;23.5564396238351;0;2;129.741432033446
1;0;0;0;18.8162535196557;0;2;109.230034901754
0;1;1;0;18.81117400426;0;0;89.64406125408
1;0;0;0;18.7047080871225;0;2;109.696074790418
0;1;1;0;18.053483989881;0;0;88.9122708235543
1;1;1;1;34.6819350506426;1;1;175.873974051131
0;0;1;0;13.0074966513058;0;0;67.8606590965819
0;0;1;0;14.6132734064258;0;0;72.2126563982305
0;1;1;1;24.0624834798309;0;0;115.291935001578
0;1;0;1;21.2055336440203;1;0;98.5408444221044
0;0;1;0;16.4545363241364;0;0;79.317604006331
1;0;0;0;18.9841143658685;0;1;100.317113576199
0;1;1;1;25.1949599929983;1;0;119.685935057055
1;0;0;0;20.2332241379354;0;2;114.027556032426
1;1;1;1;35.8342490074144;1;2;187.059921946728
0;0;1;1;21.4747067411905;0;0;103.462891625459
0;0;0;0;10.5744962412994;0;0;50.1319386068264
0;1;1;0;18.5196078832508;0;0;90.8169889267427
0;0;0;1;16.3945224294196;0;0;74.845021550935
0;0;0;0;10.2039383545722;0;0;47.58478015885
0;0;1;0;15.6141599236379;0;0;77.0655810302491
0;1;1;0;17.9548772186769;0;0;87.2633046454549
0;0;0;1;18.5355835323334;0;0;83.7667012601244
1;0;0;0;19.3683975090051;0;2;110.299315109785
0;0;1;0;14.3873971166485;0;0;71.8043041696737
1;1;1;0;27.0101101597844;0;1;140.442850857138
1;0;1;0;25.7889558346231;0;2;140.264566989278
0;0;0;1;17.3147007244632;0;0;79.8991131599989
1;0;1;0;23.6713667828163;0;2;134.599536509987
1;1;0;0;22.6542195423371;0;1;116.936919624761
0;1;0;0;14.7755225371021;0;0;68.6290135167926
1;1;0;1;29.0891700355856;1;1;145.676693104286
1;1;1;0;29.2151396373643;0;2;157.951573497459
0;0;0;1;18.331579411337;0;0;82.1498735272193
0;0;0;1;16.8603071234775;0;0;76.861019466682
0;0;0;0;9.9268813690587;0;0;45.6399209265768
1;1;1;0;27.6609983262898;0;1;141.663069419456
1;0;1;0;23.1280441776263;0;2;133.45275665766
1;0;1;1;31.8052325346418;0;1;160.485248480195
1;1;0;1;30.17052466287;1;2;158.709688166747
0;1;0;1;23.6616594971895;1;0;105.63792121714
1;0;0;0;19.6921943108934;0;1;101.353687810031
1;0;0;0;18.3180934418081;0;1;97.0702629943539
0;0;1;1;22.1061931197549;0;0;104.783310071953
1;1;1;0;26.6102350598343;0;1;138.054778878724
0;0;1;0;13.48799119825;0;0;66.9377843135638
1;1;1;1;36.9915050921951;1;2;193.057156762029
1;1;1;1;36.5053447101531;1;2;192.797435832172
0;0;1;0;14.4336276810648;0;0;71.4926556891002
0;0;0;1;17.108392173785;0;0;77.6108879763313
0;0;1;1;21.8369137570215;0;0;103.489351910094
1;0;1;1;31.9204938289907;0;2;171.751548352686
0;0;1;1;21.6463995751943;0;0;103.493892609645
1;0;1;0;25.843381448596;0;2;142.460539623139
0;0;1;0;12.2543716813209;0;0;63.3490583461677
1;1;1;1;36.5088997446811;1;2;191.443246700494
1;1;1;1;36.9056780312769;1;2;191.15121753565
0;1;1;0;18.6488600354634;0;0;89.6481851400786
0;0;1;0;14.0425412198489;0;0;71.1791047517557
0;0;0;0;9.1284547630298;0;0;44.4260283513157
0;0;1;0;15.0662708468737;0;0;74.4426501201691
1;1;1;1;36.0344603856261;1;2;189.062227378457
0;0;1;0;16.1000482966231;0;0;78.7782807847145
0;0;1;0;15.054913363019;0;0;73.389952482758
1;0;0;0;20.424840547546;0;2;112.956122379569
1;1;1;0;27.1492945156365;0;2;150.064492813497
0;1;0;0;14.4108265828011;0;0;67.2924389199188
0;0;1;0;14.8235723844733;0;0;72.0970872650757
0;1;1;0;18.9718929252664;0;0;91.9732193081921
1;1;1;1;34.9174413868433;1;1;175.547169782694
1;1;1;0;27.7132182786613;0;2;151.980782252006
1;1;1;0;28.1234701244782;0;1;147.034965670639
1;1;0;0;22.5174180171116;0;1;115.575014009099
0;0;1;1;20.0464644220724;0;0;98.0848368071514
0;0;1;0;16.1904205069305;0;0;78.1805737237855
1;0;0;1;25.490426225591;0;1;129.896176746178
1;1;1;0;28.3293400220943;0;1;147.013894460759
0;0;0;0;10.4549672965996;0;0;49.0858109260549
0;0;1;0;15.1390114630041;0;0;75.4479969038547
1;1;1;0;27.60687176015;0;1;143.253419327235
1;1;1;0;27.5263774900104;0;1;145.242821889563
0;1;1;0;19.5682875320662;0;0;92.99947457615
0;1;1;0;17.7736683865334;0;0;87.7318235728022
0;1;0;1;20.6819986035951;1;0;94.461717573675
1;1;1;0;27.1404427948816;0;1;140.251129394887
1;0;1;0;22.8005877923929;0;1;123.39291159575
1;0;1;1;30.5675505883962;0;2;164.722769260235
1;1;0;1;30.1414436886772;1;2;159.875223489188
0;1;0;1;21.5202500431258;1;0;97.0351433490855
1;1;0;1;30.3679924582454;1;1;151.968426619547
0;1;1;0;20.4644233040225;0;0;95.1092228322868
0;0;1;1;20.1822031325022;0;0;97.9306974558009
1;0;1;0;23.538770308417;0;2;131.684679887268
0;1;1;1;26.1406772559729;1;0;124.334199211912
0;0;1;1;21.3504970594506;0;0;100.474672328062
1;0;1;1;32.0869367982618;0;2;171.59077176555
0;0;1;1;23.2838330785266;0;0;109.730987601458
0;0;1;1;22.3170529180143;0;0;106.961502798204
0;1;0;1;21.6047266572442;1;0;99.2600258474615
1;1;1;0;27.2682234839102;0;1;142.872650797897
0;1;0;1;21.1204991314399;1;0;96.3033324773217
1;1;1;1;33.7340106142638;1;1;171.341029741479
1;1;1;1;35.7232845610648;1;2;186.524433596055
0;1;1;1;25.4135667154387;1;0;120.53205623948
0;1;1;0;19.3319455936628;0;0;92.3145541246829
0;1;0;0;14.5096790268561;0;0;66.9839722149516
1;0;0;1;25.4006855740919;0;2;138.358406129985
1;1;1;0;27.7251897678835;0;1;144.656956457468
1;1;0;1;29.4530410164735;1;1;146.162370811364
1;1;0;0;23.7218170041505;0;2;131.190745370513
1;1;1;0;28.9639995691172;0;2;156.785796388064
0;0;0;0;9.32309070425356;0;0;43.4386921619794
0;0;1;1;20.2252892696152;0;0;97.3192995382143
0;0;1;0;14.3311093626875;0;0;70.8207359264696
0;1;0;1;22.0018685016757;1;0;99.2052454535594
1;0;1;0;23.4079465105047;0;1;125.067673635643
0;1;0;0;13.9223006078514;0;0;64.7260442758933
0;1;1;1;24.9443934873517;1;0;118.557585525282
0;0;1;0;15.4417602677511;0;0;75.8091328464843
0;0;1;1;22.0390820132951;0;0;103.188865109178
0;0;1;1;22.8296774953247;0;0;106.932573779259
1;0;1;0;23.8800748067471;0;1;127.380182043661
1;1;1;1;33.9724441950652;1;1;171.442657859709
1;1;1;0;29.2418300431355;0;2;158.260889845786
0;1;0;1;21.9243541020699;1;0;98.9737363388899
0;0;0;0;9.91151852690435;0;0;45.8775338875281
0;1;0;1;19.8807500621998;0;0;91.1260463782181
0;1;1;1;27.0373835735797;1;0;125.986766955576
0;0;1;0;13.8812888944766;0;0;69.3228030641917
0;0;0;0;9.17533877483929;0;0;43.7847988614397
0;1;0;0;13.662901102925;0;0;63.5513166387059
1;1;1;1;32.8676206484991;0;1;169.334782015883
0;1;1;1;25.4315624605323;1;0;119.7414335905
0;1;1;1;24.2827720182088;0;0;116.721187356176
1;1;0;0;21.7260779957526;0;1;113.524773169917
1;1;0;0;20.7640911121548;0;1;110.727385436963
0;0;1;1;21.2760983167239;0;0;101.476445751147
0;1;1;0;17.9988638333495;0;0;87.6523883007425
1;1;1;1;33.2762955052449;0;1;169.487616127371
0;1;1;0;17.9454538759088;0;0;87.5569473677068
1;1;1;1;34.0320840932027;0;1;171.525912439643
1;0;1;0;23.4687337912753;0;1;125.519788400469
0;1;0;0;13.2075234796979;0;0;62.859664603157
0;0;0;0;9.36358057145299;0;0;45.5171004874232
0;0;1;0;13.6810238539502;0;0;66.4435742118376
1;0;0;0;19.2647862353026;0;2;110.495146598194
1;0;0;1;26.8853922363079;0;2;144.366115633456
0;1;1;0;19.5308981189352;0;0;94.4087164483827
0;0;1;1;22.1201171509901;0;0;103.919917623368
0;1;1;1;26.9820685829906;1;0;124.929463294305
1;0;0;1;26.3599119512367;0;1;134.650756818978
1;0;0;0;17.2429199912545;0;1;91.8074919091587
1;1;1;0;28.6937877966252;0;2;157.017923352578
1;1;0;1;30.3076431158082;1;2;158.81180389586
1;1;0;0;23.4008175020397;0;2;128.222807559523
0;1;1;0;18.9740940246978;0;0;92.507092658083
1;0;0;0;19.6883221429428;0;2;112.052609910275
1;0;1;1;31.5731257198213;0;1;158.60688717097
0;1;0;0;13.3377060771425;0;0;61.9768994090151
0;0;1;0;15.5394486069347;0;0;74.4295549057928
0;1;1;1;25.1085345725812;1;0;121.275711997678
0;0;1;0;15.2024945568943;0;0;75.0760819685174
0;0;1;0;14.8929047217289;0;0;73.0786509129397
0;0;1;0;15.3983235173406;0;0;75.1883881281344
0;0;1;0;15.2602008011327;0;0;71.6807632761284
1;1;0;1;31.1835373283216;1;2;163.454443127061
1;1;1;0;27.2100956355532;0;2;151.265304803839
1;1;1;1;33.9290381795647;1;1;170.24969978693
0;1;1;0;18.5181809160517;0;0;89.2234825262897
0;0;1;0;15.7223368369528;0;0;74.9981028452867
1;1;1;0;28.2370071289046;0;1;143.967581202912
0;1;0;1;22.3110281290211;1;0;101.628972998445
0;0;1;0;13.3100206876553;0;0;65.9682439529172
0;1;1;1;26.4001444338195;1;0;122.93811933989
0;0;1;0;14.2309023490356;0;0;72.1907954360957
0;0;0;0;10.5722499985451;0;0;49.5640209514799
0;1;1;0;19.8462318842823;0;0;93.5931606961514
0;1;1;1;26.9004495475472;1;0;125.36755235711
0;0;1;1;21.9423036759677;0;0;105.263814894396
0;0;1;1;22.3456373458898;0;0;105.051431342432
1;0;1;0;24.9025422753077;0;2;138.182839953675
0;0;1;1;20.4994540772348;0;0;100.334011939248
0;1;1;1;25.883692731584;1;0;121.369480356769
0;0;1;0;15.333713217603;0;0;75.3555533492506
1;1;1;0;26.2199091334221;0;1;137.043229476383
1;1;1;0;26.6963728757581;0;2;149.217202862191
0;1;1;0;19.1685668324934;0;0;93.4186044092673
1;1;0;0;26.1278285986713;0;2;138.65344863249
0;1;0;0;12.9104299709044;0;0;59.3876028961321
0;1;0;1;20.0153083401306;0;0;94.2568257943735
1;1;1;0;26.2405458110039;0;1;136.375998087191
0;0;0;0;10.2751748691398;0;0;47.3741292023591
1;0;0;1;27.2417147550601;0;2;145.046834188123
1;1;1;0;28.5181581825252;0;2;156.041308604123
0;1;1;1;25.0620187947083;1;0;119.706594208988
0;1;0;1;18.1005456346698;0;0;86.4205270151879
0;0;1;0;13.9277812578138;0;0;69.5629067664419
0;0;1;0;15.2473896452658;0;0;74.3908125586243
0;0;0;0;8.35531971015678;0;0;39.6580544866186
0;0;0;1;16.4711472657307;0;0;75.9817136746365
0;1;0;0;13.4615484304223;0;0;62.1104150328934
1;1;0;1;31.9912632823888;1;2;165.604760026169
0;0;1;0;14.8045285198682;0;0;72.4251663265727
1;0;1;0;24.9154264209883;0;2;138.582490997252
1;1;0;1;30.9249040135579;1;2;162.571707749785
0;0;1;1;21.5416444670578;0;0;101.256682209587
0;0;0;0;11.3355214474803;0;0;52.9023203676313
0;0;1;0;16.6424934326014;0;0;80.1750330001496
0;1;1;1;24.5940317213429;0;0;116.448312314777
0;0;0;0;10.3645157990667;0;0;48.2153210773275
0;1;0;0;14.4133219962911;0;0;67.5278729898082
1;1;0;0;22.3639674548501;0;1;114.637900097352
0;0;1;0;16.3684380204875;0;0;77.1714950434517
1;1;1;0;28.0179954564023;0;2;153.661445475412
0;0;1;1;19.982323734157;0;0;97.6272672993331
0;0;0;1;14.9227578249491;0;0;71.2671558563058
0;1;0;0;14.6021494760435;0;0;67.9757263178205
1;0;0;1;25.5235910848538;0;1;129.158541554568
1;0;1;1;30.5352983721245;0;1;155.206080919267
0;1;1;0;18.7996857198372;0;0;91.0550364467453
1;1;0;1;30.8452782820394;1;2;162.035111995432
0;1;1;0;19.9783707745293;0;0;93.6020463549342
1;0;1;0;23.7131382630375;0;2;134.503575946945
1;1;0;1;29.2844117500086;1;1;146.5448980785
1;0;0;1;25.2661614346719;0;1;129.513515203567
0;1;1;1;25.2987289724352;1;0;122.099082836758
0;0;0;1;16.8301241282516;0;0;77.6638039377942
1;0;0;0;19.4305720488384;0;1;101.443515693528
1;0;0;0;17.4079131652685;0;1;94.6906473730175
0;0;1;1;23.6049865523344;0;0;110.137757719305
1;0;1;1;31.8482469695447;0;2;170.223786425588
1;0;0;1;25.0999475958348;0;1;127.065685954476
0;1;1;0;19.9946557783052;0;0;96.4730431033176
0;1;1;1;26.3887333376936;1;0;124.729633336381
0;0;1;1;20.9190604230677;0;0;100.45314597906
0;0;1;0;17.0911967564036;0;0;80.0928980909436
1;1;0;0;20.8520388054684;0;1;110.756383490109
1;0;1;1;31.6016145836796;0;2;169.090043959665
1;0;0;0;19.4713591511733;0;1;102.246585501664
1;1;1;0;29.3816844406874;0;2;160.217789881055
1;1;1;1;33.6393191822068;0;1;170.034314345834
1;0;1;0;23.0108268198432;0;1;122.74841842374
1;1;0;1;30.1055164532353;1;2;159.483511082101
1;1;0;0;23.308249446683;0;2;128.642298469623
1;1;1;0;25.7640000923585;0;1;135.69289532545
0;0;0;0;10.7518723651238;0;0;49.3936364258108
0;1;1;1;26.1502207099697;1;0;122.909189587838
0;0;1;0;16.481866051028;0;0;79.4412723636184
0;1;1;0;18.5426775570233;0;0;88.0891095451339
0;0;1;1;21.3623671626025;0;0;102.601168289373
1;1;0;0;23.3172320625211;0;2;127.1540311595
0;1;0;0;14.9829624817995;0;0;67.4132620881187
1;1;0;0;23.0152904641156;0;1;118.451120438978
1;0;1;0;24.0022548780677;0;2;134.630329251938
0;0;0;0;8.55431618177112;0;0;40.9253757481744
1;1;1;0;27.0677441774725;0;1;142.831610916223
0;1;0;1;22.0588891417503;1;0;100.574933921976
1;0;1;1;28.4349126276873;0;1;149.440432345129
1;0;1;0;24.4040068938279;0;1;128.40167654113
0;1;1;0;19.8514441716819;0;0;93.4999747393658
0;1;0;1;19.5777635615885;0;0;91.8333175188381
0;1;1;0;20.4221554856345;0;0;96.5188470194523
0;1;0;1;20.9455872056904;1;0;96.5599121454672
1;1;1;1;34.2208489911777;1;2;182.662638121146
1;0;1;1;30.1566757898889;0;1;153.730923575698
0;1;1;0;17.637850411122;0;0;86.2133314381198
1;1;1;0;26.4271893863953;0;1;140.926698925416
1;0;1;0;26.3198931619989;0;2;144.262463393357
0;0;1;1;21.8908018759171;0;0;104.235544367279
0;1;1;0;17.2689962870122;0;0;84.3694539364428
0;1;0;1;20.711861717073;1;0;94.7962018114033
0;1;1;1;26.3222623725374;1;0;124.076132935502
1;1;0;0;22.8869243354211;0;1;116.737139096614
1;0;1;0;21.5537626260093;0;1;116.386833322484
1;0;1;0;24.3353546749249;0;2;135.480260746019
0;1;1;0;17.6265575578339;0;0;85.9184180231023
0;1;0;0;14.7606676721376;0;0;69.7790816483357
1;0;1;0;23.4430496027317;0;2;132.933688110418
1;1;0;0;22.8081230710022;0;2;127.659823038971
0;1;0;0;13.2082824458442;0;0;61.1473188674111
1;0;0;1;26.1950596695982;0;2;141.458443774403
0;1;0;0;15.544855240656;0;0;68.9212714827158
0;0;1;1;23.1458825919626;0;0;107.770708765767
0;0;0;1;17.0389103042697;0;0;77.840860087917
0;1;1;0;19.7228789168267;0;0;95.0438530815593
1;0;0;0;19.0828552032448;0;2;110.142910068382
1;1;1;0;27.4551012081691;0;2;151.351287912949
0;1;1;0;18.8674487462036;0;0;91.2651935051017
1;1;1;1;34.2495777015258;1;1;173.116003025359
1;0;1;1;32.2665026143033;0;2;172.161906773237
0;0;1;0;14.4886834088242;0;0;72.3052985691282
1;0;1;0;24.0261304564547;0;1;126.254078107784
1;0;0;0;20.7075079560677;0;2;115.257274737828
1;1;0;1;30.6748885103314;1;2;160.877144451732
1;1;0;0;22.5412492899192;0;2;124.944602989193
0;0;1;0;15.3521598941279;0;0;75.134271570232
0;1;0;1;21.9395907597026;1;0;98.719626221378
0;0;0;0;9.53776796870277;0;0;45.8035587003103
1;0;1;1;30.2804457921852;0;1;153.559513489659
1;0;1;0;24.0787138065832;0;1;126.387338607169
0;0;1;0;15.6773235724781;0;0;76.6844213322224
0;1;1;0;19.7301915772055;0;0;94.6426847175748
0;1;0;0;13.5113390858911;0;0;62.7759273274528
0;1;1;1;27.8218211009365;1;0;128.826621851936
0;0;0;0;9.21952360060107;0;0;43.6472965502463
0;1;0;0;15.1323685190796;0;0;68.6493369826828
0;0;1;0;16.104767274539;0;0;75.6818623366382
1;0;0;1;26.3123887329821;0;2;142.702535356834
1;0;1;0;23.5926774380281;0;2;135.891845568154
0;0;1;1;20.9162436527013;0;0;101.217151045395
0;1;1;0;20.024705534936;0;0;96.8992017481616
1;1;0;0;23.5912760025279;0;1;120.007437230521
0;0;0;1;17.3423551335791;0;0;79.8185453580256
0;1;0;0;14.7745823822269;0;0;67.3616320998274
0;0;1;0;14.5821717807547;0;0;71.0768404383158
0;0;0;0;8.56693068472194;0;0;41.461757741084
1;0;1;1;31.5359172958087;0;2;170.311704287372
0;1;0;0;12.331581384802;0;0;59.6987480744254
1;0;0;1;25.7433874339408;0;2;136.943328656531
1;0;0;1;26.0125926640588;0;2;138.907851525858
0;1;1;0;18.5631950206129;0;0;89.1632056383354
0;0;1;0;15.7642377759338;0;0;75.4888922208339
1;0;1;0;24.3147143636534;0;2;137.270725240355
1;0;0;1;27.7384435342312;0;2;147.398815778872
1;1;1;1;34.7356871122819;1;1;175.257330153417
1;0;0;0;20.6981986598961;0;2;116.33712849953
0;0;1;0;15.6205466984607;0;0;75.5341281939717
1;0;1;0;23.7548944253807;0;1;125.989316635217
1;1;1;0;27.995980888728;0;1;143.971878041821
0;0;0;0;10.7892988317006;0;0;48.4560718428212
0;0;0;1;16.2100489940784;0;0;75.6023459185086
1;1;1;1;33.8966247951096;1;1;170.913374348969
1;1;1;0;27.2977167184542;0;2;150.360481853871
1;1;1;1;35.7744618873643;1;2;188.468382578362
1;0;1;0;25.5976650470842;0;2;141.21108339005
0;0;0;1;16.026239714384;0;0;74.2729373168088
0;0;0;0;9.68006952770795;0;0;46.5071087438396
0;1;0;0;15.9562974372303;0;0;71.2609441098312
1;1;1;0;29.6395961499176;0;2;161.319544823124
0;0;0;1;17.6469818109276;0;0;81.2497058056738
0;1;0;0;13.1001125356831;0;0;61.1610561287167
1;0;1;0;23.4849638768628;0;1;122.951612221159
1;1;1;0;28.9298142388565;0;2;157.709934031072
0;1;1;0;19.0670500315118;0;0;90.5484557438229
1;0;0;1;24.6438393035283;0;1;124.835531903562
1;1;1;0;27.7875143006964;0;2;151.663613648167
1;1;1;1;33.7881803148111;1;1;170.632967712985
0;1;1;0;18.2385837517316;0;0;87.0428080487613
0;1;0;0;13.0158817241662;0;0;62.0430862443232
1;1;1;0;28.36119300702;0;2;153.739446361277
0;1;0;0;16.042278944569;0;0;71.267401530097
0;0;0;0;10.8666400265253;0;0;50.3978144072738
1;0;0;0;18.6893778757191;0;1;97.4542150808488
1;0;1;1;29.0357945671947;0;1;149.028510417557
0;0;0;1;15.0512628091773;0;0;69.4871000314669
0;1;0;0;15.8626495708496;0;0;70.9788978323188
0;0;1;1;23.1968340052743;0;0;108.429636760837
1;0;0;0;19.2090907012063;0;2;109.82479581634
0;1;1;0;21.2873591827135;0;0;98.1889196595457
1;0;0;0;18.1115787601131;0;1;98.1012043833281
1;0;1;1;31.0218072883781;0;1;157.480493434754
1;1;1;1;35.8791424576494;1;2;187.251923754727
0;0;0;0;10.0975045982681;0;0;48.6604640000236
1;0;0;0;19.1453993205233;0;2;109.339724803904
1;1;1;1;34.4558210493674;1;1;171.88896654183
0;1;0;1;22.0775962052811;1;0;100.227725513886
1;1;1;0;28.166558117212;0;2;155.812340706269
1;0;1;1;29.7342824492169;0;1;154.241537427045
0;1;0;0;14.5956280010787;0;0;64.7237039594158
1;1;1;1;36.4133751845716;1;2;188.661418038806
0;1;1;1;26.0760546386116;1;0;123.229707408554
0;1;1;0;18.9384931875165;0;0;90.8525339476474
1;1;0;1;29.3944384076207;1;1;146.608030006963
1;0;1;0;24.7771563337755;0;1;130.061458422319
1;0;1;1;29.2119702835077;0;1;150.892218529
1;0;0;0;19.6636939948436;0;2;111.481959214626
0;1;1;0;18.0999759882812;0;0;87.8567021200229
0;1;1;1;26.4165176200322;1;0;123.646874069895
1;0;0;1;27.3763677373592;0;2;145.896875231503
0;0;1;1;20.6793846282402;0;0;100.083074763494
1;0;0;0;19.826578375059;0;1;102.40504599477
1;1;0;0;23.485732940837;0;2;127.709302013803
0;1;0;0;14.0265212878421;0;0;66.3785745732966
1;1;1;0;28.1314118038843;0;1;144.735614628621
0;0;0;0;9.3626848714596;0;0;44.1729744268659
1;1;1;0;28.5482164418694;0;2;157.955007976354
1;1;1;1;35.6766645905759;1;2;187.750262034959
1;1;0;1;30.8186571457168;1;2;163.346123518769
1;1;1;0;28.1652329992325;0;2;155.747474565874
1;1;1;0;27.9701060209917;0;2;155.45495967246
0;1;0;1;21.9945009233957;1;0;96.7304220830504
1;0;1;0;25.7500308788411;0;2;143.923403476286
1;1;1;0;27.6368627855163;0;2;151.272890952361
0;0;1;0;14.6553636638299;0;0;72.6239168934928
0;1;1;0;19.5713234031532;0;0;93.0034383259465
1;0;1;0;23.2565984593061;0;1;124.410021971493
1;1;1;1;37.0028391321444;1;2;192.844703620687
1;0;0;0;18.1975347174958;0;1;96.9332529530487
0;0;1;1;21.8623586538271;0;0;104.287193163592
1;1;0;1;28.3312318951047;0;2;150.780021152249
0;1;1;0;18.8027175838597;0;0;89.7376727629302
0;0;1;1;21.7828306942774;0;0;103.864875780848
1;1;1;0;29.5172297409319;0;2;159.968512789396
0;1;0;1;20.2770857969834;1;0;93.0251935913578
1;0;0;1;26.3217716965957;0;2;140.170965704608
0;1;1;1;25.6519368953775;1;0;121.33470564193
1;0;1;1;31.998609807032;0;2;171.450010841084
1;1;1;1;35.1497159890058;1;2;185.464932397995
1;0;0;1;25.9419414930026;0;1;131.867562997026
0;1;1;1;27.2048815149264;1;0;126.731712924585
0;1;1;1;25.9312199080433;1;0;121.43592781849
1;0;0;1;23.5258129808817;0;1;122.560557418665
0;1;0;1;20.5541467625659;1;0;93.804175639302
0;1;1;0;19.9027877098196;0;0;93.8496176314254
0;1;0;1;23.1338456335522;1;0;102.755621147099
0;0;1;1;22.5437216909606;0;0;107.65800172572
1;0;0;1;25.1025147415291;0;1;127.065930734407
1;0;0;0;21.0042849108924;0;2;115.513512170367
1;0;0;0;20.167325237652;0;2;113.888861433158
1;0;1;1;30.8368420217185;0;2;167.933982043754
1;1;0;0;22.18622994702;0;1;114.03449528626
1;1;0;1;30.6075175913005;1;1;153.390573957752
0;1;1;0;17.4254235381856;0;0;85.3150617705553
1;0;1;0;24.9230387216967;0;1;129.387864642523
1;0;1;0;24.644005788688;0;2;138.147657752939
1;1;1;0;29.2965823137959;0;2;160.057236732429
0;1;0;0;15.4533986409459;0;0;71.1959372548718
1;0;1;1;31.1241623811292;0;2;165.863632309642
1;0;1;0;24.6213628186449;0;2;138.243066755188
1;0;0;0;19.7338077745951;0;1;102.485915048646
0;0;1;0;16.4636848691391;0;0;78.1844026043974
1;1;0;1;30.1496604558308;1;2;157.617091051767
1;1;1;0;28.9409744108836;0;2;157.689343474543
0;0;1;0;13.7375390658857;0;0;69.5204087809565
1;1;0;0;23.0620602196954;0;1;118.405026095311
0;1;0;0;13.9918177174212;0;0;67.6471219805896
0;0;1;1;21.0174324007915;0;0;101.394454751629
1;0;1;0;25.2554488188482;0;1;131.679543783239
0;1;0;0;13.8561972332175;0;0;62.4945428681997
1;1;1;0;28.8750745974107;0;2;156.815722372564
1;0;1;1;32.3269314991014;0;2;171.112693008966
0;0;1;0;13.9277599567284;0;0;67.9660149308024
1;1;1;0;26.9940000136926;0;1;141.275336424058
1;1;1;0;27.3977830267651;0;2;151.371082447743
0;0;1;1;21.3162858123724;0;0;102.790446161373
1;0;1;0;23.2555073175693;0;2;133.238524228239
1;1;1;1;36.5415096231361;1;2;190.803005913468
1;0;0;1;26.4345841825091;0;1;132.94527789286
1;0;1;0;24.9719319456647;0;2;138.570963555291
1;1;0;1;30.4773118736156;1;1;150.97102789687
1;0;0;0;20.3648906989488;0;2;114.757367783162
1;1;1;0;29.3209524027597;0;2;157.223432473001
1;0;0;0;18.0690950072971;0;2;105.884035266464
0;1;0;1;20.9376793188107;1;0;95.7496571958698
0;1;0;0;13.2635222373632;0;0;62.7323310486468
1;1;1;0;29.5693527556684;0;2;159.994972075064
1;0;1;0;26.5580992893244;0;2;145.348093199473
0;0;0;1;16.1765258141328;0;0;74.665143142107
0;0;0;1;16.433599728682;0;0;75.7692263613127
0;1;0;0;14.083260177849;0;0;64.1326605178809
0;0;1;0;14.8416437080154;0;0;72.4018320246237
0;0;1;0;16.882561734223;0;0;79.5690650057829
0;1;1;0;17.9214749489219;0;0;86.6020995586569
0;1;0;0;15.6058256019189;0;0;69.9407161570698
1;1;0;0;24.7772841294084;0;2;133.272237156148
0;0;1;0;13.765236139472;0;0;69.1355254604206
0;0;1;1;21.8009149585846;0;0;105.370121718579
0;1;0;0;14.8385047064215;0;0;68.9259084849036
0;0;1;0;15.363730393797;0;0;74.7585134056417
1;0;1;0;25.0801373394108;0;2;141.923718326082
1;0;1;0;24.022682061342;0;1;126.585583666329
1;0;1;0;24.5930009858545;0;2;136.776479232366
1;0;1;0;24.8141463466781;0;1;130.53513088513
0;0;1;0;14.5922857088162;0;0;72.0971396492594
1;1;1;0;30.4976809279878;0;2;162.148010105255
1;0;1;0;24.2988464191885;0;1;128.92310179844
0;1;1;1;24.677743064813;0;0;116.490691964571
0;1;1;1;26.2264184560901;1;0;123.860183650463
1;1;1;1;35.1954724881262;1;2;187.504110107639
0;1;1;1;26.5361580581622;1;0;125.270390208934
0;0;0;0;11.6093736885;0;0;53.5275420069483
1;1;1;0;26.2048080860048;0;1;137.456543259418
1;0;0;0;20.2002672797336;0;2;112.678516656713
0;0;1;0;15.6108378574048;0;0;77.2231474301698
1;1;1;0;27.7984832558208;0;1;143.800267560406
0;0;0;0;10.5623651747751;0;0;48.8085266303734
1;0;1;1;31.6910218443234;0;2;167.079008309131
0;0;0;0;7.94413833788401;0;0;38.2170254372468
0;0;0;0;10.6696901338556;0;0;49.0665865261062
1;0;1;0;25.9890254380904;0;2;143.378117855247
0;0;0;0;11.0126530471597;0;0;49.350357115786
1;1;1;1;35.7265694367988;1;1;177.794336852876
1;0;1;1;30.7409878927205;0;1;156.727648098405
1;1;0;1;30.8142085793096;1;1;152.742518190335
0;1;1;0;19.1605540923041;0;0;93.9314985883682
0;1;0;0;14.2322689335699;0;0;64.7106784798554
1;1;0;0;22.8237161093087;0;1;117.802759902103
1;1;1;0;29.058704670402;0;2;158.93031196259
0;1;1;0;17.6794827065295;0;0;85.757946342946
0;1;1;1;26.0369727722265;1;0;121.834243995812
1;1;1;0;29.4946111042299;0;2;159.128455370239
0;1;0;0;13.8544469743307;0;0;62.2818943560482
0;1;1;1;26.4050405741794;1;0;124.408165866622
1;1;1;0;28.6124708285214;0;2;157.535537800646
0;0;0;1;17.8708799069795;0;0;80.9187313017969
1;1;1;0;28.8640326871461;0;2;155.369414124617
0;1;0;0;14.0083645023012;0;0;63.0661993972622
1;0;1;0;23.761592072155;0;2;133.453265456036
1;0;0;0;19.7247490539856;0;1;103.747063953086
0;0;0;1;14.5752257801941;0;0;67.7753960142435
1;1;1;0;27.6967118065272;0;1;143.146716996063
0;0;1;0;14.4275452789695;0;0;71.1955118948457
1;0;0;0;18.5983674701613;0;1;98.9145290209804
0;1;0;1;21.5922210647259;1;0;99.4588554065051
0;0;1;1;23.3710639452049;0;0;109.021322077938
0;0;0;0;10.2790681100824;0;0;46.6591825725569
1;0;1;1;31.6576675558295;0;2;170.021803846272
0;0;1;0;14.4582221202789;0;0;72.0091073651914
0;0;1;0;14.4850286693825;0;0;71.7735064465519
1;0;1;0;22.8860805843401;0;1;121.579065679207
0;0;0;1;15.3891801649174;0;0;70.9332320573525
0;0;0;1;16.4779814336709;0;0;74.7871893170076
0;1;1;0;19.5828058927652;0;0;94.2053092820437
1;1;1;0;26.8807936115322;0;2;148.136161827654
1;1;1;0;27.5792941118908;0;1;142.69902803516
0;1;1;1;27.6361917858209;1;0;127.574919918729
0;0;1;0;15.2291227186554;0;0;72.9326474113232
1;1;0;1;30.2093587684145;1;1;151.665146619547
0;0;1;1;22.6806865266446;0;0;104.889108457485
0;1;0;1;20.0889942912602;0;0;93.154481980606
0;1;0;1;21.937971052595;1;0;99.8803750289972
0;0;1;1;22.8583605670896;0;0;109.719274420989
0;0;1;0;14.5057152464229;0;0;71.8731556641414
1;0;0;1;27.0978435497051;0;2;146.022071457513
0;1;1;1;26.4812326432549;1;0;125.756450856034
1;0;0;0;20.1549389145987;0;2;114.349706704438
0;0;1;1;22.9078829349248;0;0;106.563250822275
1;0;0;0;16.6475787920642;0;1;91.1806652694895
0;1;1;0;19.4552219511736;0;0;91.2910852618268
0;1;1;0;18.7346749622013;0;0;90.3814864196701
1;0;1;0;23.5508446104442;0;1;123.228767776874
1;1;0;0;22.5306302649791;0;1;116.580636864601
1;0;0;0;19.4032298252968;0;1;101.439753375164
1;1;1;0;29.9469371267573;0;2;158.604910975078
1;0;0;0;20.2083232265997;0;2;114.844317855252
0;1;1;1;24.8886739852737;0;0;117.125101001926
0;1;0;0;13.6158209092413;0;0;61.2576706187816
0;0;0;1;18.419510521857;0;0;83.6459582726687
0;1;1;1;26.2242232623046;1;0;123.312752761173
1;1;1;1;34.9236855813991;1;1;175.225441561389
0;0;0;1;15.0759497393186;0;0;72.5594162116904
0;1;1;1;25.8416133329282;1;0;120.559470284818
0;1;1;1;26.2379910911448;1;0;122.944431889911
0;0;1;0;15.8767939163073;0;0;75.6030993690388
0;1;1;1;26.5147048894976;1;0;123.405711697244
1;1;1;0;26.8479123395372;0;1;138.976613954562
1;0;1;1;31.9327169050788;0;2;170.087918967522
1;0;0;0;20.8427287772532;0;2;116.522054339345
0;1;0;1;20.2142449336645;1;0;93.3278213960558
0;1;1;0;16.7926058215641;0;0;82.6744225260878
0;1;1;0;19.2635888734984;0;0;93.1633368201648
1;0;1;1;28.5663754492026;0;0;140.948468551822
1;1;1;1;32.9596585229671;0;1;169.205769134293
0;1;0;0;14.0045447429674;0;0;65.4509398393858
0;1;1;1;25.7227049042833;1;0;122.665674156147
0;0;1;0;17.2126298519844;0;0;82.1280773114962
0;1;0;0;14.3773468841392;0;0;66.1355087655927
0;1;0;0;14.7175553395741;0;0;67.0375658285675
0;0;1;1;21.2499969755469;0;0;101.898180090281
0;0;0;0;9.01955707849715;0;0;44.0600047952702
0;1;0;1;21.2920105884229;1;0;98.4539296212769
1;1;1;1;34.5110321805885;1;1;175.223016157333
0;1;0;0;12.4826850441135;0;0;58.8443863321326
0;0;0;1;16.0752085300865;0;0;74.5490002716489
1;0;1;1;30.7154525771079;0;1;158.211195957975
0;0;1;1;21.6163117928343;0;0;102.47513490259
1;1;0;1;30.0537864657354;1;2;158.879109390888
0;1;1;0;18.9801769289182;0;0;91.9288228385715
1;1;0;1;30.5649960698968;1;2;159.874898878616
0;1;1;0;18.5508383194713;0;0;89.9875137713115
0;0;1;0;15.6301800082204;0;0;75.8691686401675
1;1;0;1;28.4391584697725;0;1;143.895384283016
0;1;1;0;20.1232716788353;0;0;95.4313833582056
0;1;1;1;24.5655191737034;0;0;116.73009059654
0;0;0;1;17.2992657325689;0;0;80.5200174042563
1;0;0;0;18.8033193244767;0;2;108.172801010897
0;1;1;0;19.1267454437807;0;0;90.3453787825167
0;0;0;0;9.82547498190733;0;0;45.0761977376598
0;1;0;0;13.9945843683371;0;0;64.3304734004598
1;1;1;0;27.4425263472235;0;2;149.66346452563
0;1;1;0;18.0229673757648;0;0;88.8036420872937
1;0;1;1;31.2698734424202;0;2;166.179048335684
1;0;1;0;24.4020393177141;0;1;128.037707186093
0;1;0;1;20.5031481113015;1;0;95.9193908827216
1;0;1;0;24.5190482085954;0;2;136.838466741727
0;0;1;0;16.2449733566495;0;0;77.8829261025374
0;1;0;0;15.4795535363583;0;0;69.9981473247058
1;1;1;0;27.9051779023698;0;1;143.325496492823
1;1;0;1;28.1250310833281;0;1;141.981963236542
0;0;0;0;11.2454027857034;0;0;49.8286255137952
1;0;0;1;24.5333760210617;0;1;126.532493323278
0;0;1;0;15.0607831685776;0;0;72.1781323250943
1;1;1;0;27.322593296638;0;1;140.697611995722
0;1;0;1;22.4110496953047;1;0;101.599126151151
0;0;1;0;13.260099724068;0;0;68.1236892400985
1;1;1;1;34.117817073259;0;1;172.490722576934
1;0;1;1;29.9109538229819;0;1;154.67616565738
0;0;1;0;15.1056030264414;0;0;73.8452486636219
1;0;0;1;25.909764115328;0;2;140.714261876251
0;1;0;0;14.2075990961131;0;0;64.5597761030683
0;1;0;0;15.1112974709415;0;0;69.796423807793
1;1;1;1;36.0675117728202;1;2;188.295926550717
0;0;0;0;9.09870940610051;0;0;44.0230081016506
0;1;0;0;15.0836523714516;0;0;69.1176372943229
0;1;1;0;18.9098501307968;0;0;91.8260223222274
1;1;1;0;27.9618336557388;0;1;145.242094448628
1;0;1;0;21.953306246958;0;1;119.219005779594
0;0;1;0;12.8568891161602;0;0;67.0783338434483
0;0;1;0;17.1529867522078;0;0;80.093082199288
0;1;0;0;13.5586670452571;0;0;63.6613230468387
0;0;0;0;10.3352423883994;0;0;48.5869782054941
0;0;1;0;15.0207367183093;0;0;73.2380622593671
0;1;1;1;26.2059779814789;1;0;122.299347069075
0;0;1;1;21.6620541199861;0;0;104.912574507178
1;1;1;0;27.6093652133161;0;1;143.729183053163
1;1;0;1;31.1048862030233;1;2;162.012807766738
1;1;1;0;27.5633218868393;0;2;151.842450468959
0;1;1;0;19.0990178797395;0;0;92.1691050324122
1;0;1;0;24.4747508120236;0;2;136.681416017633
1;1;0;1;28.0062300991145;0;1;142.344773928001
0;1;0;0;14.3014738947933;0;0;64.6283094010378
0;0;1;1;20.5455550786776;0;0;99.6379982045205
1;1;1;1;33.2318789347759;0;1;168.564735840652
1;1;0;0;23.2120471249225;0;1;118.367043186667
1;1;1;1;32.886047400727;1;0;156.459861823827
0;0;1;0;16.5229909850748;0;0;79.1316889681242
1;0;1;1;32.3189527520028;0;2;171.643013642359
0;1;0;0;13.2293245808002;0;0;62.0161488890403
1;0;1;1;30.7152628809581;0;1;156.364697299914
0;0;0;1;17.6630373976616;0;0;80.7230450655174
1;0;0;1;25.7042077081691;0;1;130.250614510126
1;1;1;1;35.6373415594838;1;1;178.92252455005
1;0;0;1;24.4733128631226;0;2;132.965070193477
0;0;0;1;17.7245497721603;0;0;81.3141665339045
0;0;1;0;15.9537634631716;0;0;78.501104991428
0;0;1;0;15.3995474780108;0;0;75.7435880906755
0;1;0;0;14.1367614484107;0;0;64.7658325119886
0;1;0;1;19.729801732267;0;0;90.3646253235042
1;1;1;0;29.3874222617508;0;2;158.381872047428
1;0;0;1;26.5239859432862;0;2;143.120305018901
0;1;1;1;24.3460040454627;0;0;116.594611375807
0;0;0;1;15.4955205354127;0;0;72.2826491541606
1;1;1;1;33.5882493594661;0;2;178.097794192405
0;1;0;0;14.1850162056174;0;0;65.3772906779903
1;1;0;0;22.3658788316913;0;2;126.102101698183
1;1;0;0;21.4641600894712;0;1;111.109695624943
1;0;0;1;25.0381541544656;0;1;129.083356311367
1;1;0;1;30.5137874064394;1;1;151.533900095161
0;0;1;0;14.6220263975889;0;0;73.6313884861803
0;0;1;0;13.1213049873116;0;0;65.5049556186533
1;0;0;0;20.6532120907651;0;2;114.700053702611
0;1;1;1;25.8490150961959;1;0;121.024979878585
0;1;0;0;12.8378161069593;0;0;59.338059561569
0;1;1;0;18.8743335684786;0;0;90.4895821356784
0;1;1;0;19.5914900561184;0;0;93.5959269973866
1;0;1;0;24.584509676847;0;2;136.404911857431
1;1;1;0;27.9430577353656;0;1;144.369157875025
0;1;1;0;19.2721475892284;0;0;91.1452456153313
0;1;0;0;13.7650039019949;0;0;64.6164673130686
1;0;0;0;19.928774706352;0;1;102.58711783854
1;1;0;1;30.9397026158174;1;1;151.153901801713
1;1;1;0;26.8585405421531;0;1;140.469250749193
1;1;1;1;34.1387353156958;1;1;173.11908685641
1;0;0;1;27.592206642034;0;1;138.481139337408
1;0;1;1;32.5681722277345;0;2;173.147192011643
0;1;1;0;19.5229357825887;0;0;94.0425760703232
1;1;1;0;28.2266492661307;0;2;153.701280387685
0;1;0;1;18.7769971877584;0;0;87.3415217100891
1;1;1;0;26.3147687088355;0;1;138.398482921752
0;1;0;1;21.1434387436754;1;0;96.7065739176948
0;0;1;1;22.2252803669903;0;0;105.316361896106
1;1;0;1;30.221951666074;1;2;159.409539039444
0;0;0;1;15.020655499373;0;0;69.922700403974
1;0;0;0;18.8516778931698;0;1;100.006532919265
1;0;1;1;30.1731950703278;0;2;163.387273802395
1;0;0;1;25.7390209913605;0;1;131.385783549114
0;0;1;1;21.358838719588;0;0;101.870776416369
1;1;1;0;28.3940129081782;0;2;153.591705670389
0;1;1;0;16.7076114128549;0;0;82.4385053435084
0;0;1;1;21.7890238586127;0;0;106.007373867246
0;1;0;1;20.7467657711373;0;0;94.187269887634
0;0;1;0;16.4901050335024;0;0;78.4220614139219
0;0;1;1;21.5708828270871;0;0;102.063565574838
1;1;1;1;34.8788810820697;1;1;174.929700744951
1;1;0;0;24.2501616555936;0;1;123.174139695718
0;1;1;1;24.0785861445129;0;0;114.364132037574
1;0;1;0;25.1558117263158;0;2;140.298588833036
0;0;1;0;15.7780837632341;0;0;76.3639651051337
1;1;0;0;24.4366143722456;0;2;132.805894261561
1;1;1;0;27.8678217169349;0;2;151.098973511666
0;1;1;0;18.9365359136355;0;0;90.3878337507667
1;0;1;1;30.4474921449848;0;1;155.760827250534
1;1;0;0;22.7573970018104;0;2;126.343765741736
1;0;1;0;23.4642281367293;0;2;131.968529560069
0;1;0;1;22.0176856426001;1;0;100.150370216379
1;1;0;0;22.2055092950196;0;1;114.154805102677
1;0;1;0;24.2195063755023;0;2;137.23948882637
0;0;0;0;9.30073896737123;0;0;42.2472741748383
1;1;0;1;28.6646223953341;0;1;143.373825905381
1;0;0;1;25.3465123285877;0;1;128.177413807877
1;1;1;0;28.12027194397;0;1;144.159888522629
0;1;0;1;22.16525374997;1;0;102.406017231705
0;1;1;1;25.7510662427728;1;0;122.361442424723
0;1;0;1;22.4971084192352;1;0;101.121555474048
0;0;1;0;15.4401378555945;0;0;75.2116671236166
1;1;1;1;36.7308771605057;1;2;191.719105907364
0;1;1;1;25.732371437736;1;0;123.312788147263
1;0;1;0;23.7463944490221;0;2;132.93439215564
1;0;0;0;18.7601177821154;0;2;108.431449983485
0;1;0;0;13.6597878493937;0;0;63.6156622618001
0;1;0;0;14.6466958594527;0;0;68.5977278469499
1;0;0;0;19.472056849457;0;2;110.722217176247
0;0;0;0;10.9064380462103;0;0;49.84414046277
1;1;0;0;24.5316562984053;0;1;123.891287035052
0;0;1;0;14.1898678108897;0;0;69.9330855387597
0;1;1;1;24.6987033551;0;0;118.419100549855
0;0;1;1;22.1175560850294;0;0;105.437941629862
0;1;1;1;25.2899880581454;1;0;118.825751141672
0;0;0;0;10.630650910105;0;0;51.4118783183139
1;0;1;0;22.9173145227062;0;2;133.731003164486
1;1;1;1;34.7435520918725;1;1;174.489764461386
0;0;1;1;20.4959732495408;0;0;99.4534441928722
0;0;1;1;24.339496494925;0;0;113.712096208983
1;1;0;0;23.0389402132591;0;2;127.192757214378
0;0;1;1;22.0600650156287;0;0;105.484421086024
0;0;1;0;15.4507392303281;0;0;75.8262657822264
1;0;0;1;27.4037180288154;0;2;145.515463191359
1;1;1;0;26.5754652513268;0;1;139.41301371837
0;0;0;0;10.4585336112598;0;0;49.1997773819914
0;1;1;1;26.1443256606868;1;0;123.455012873045
1;1;1;1;36.2194128611976;1;2;189.005183904477
0;1;0;1;20.3175772442511;1;0;94.0004700989938
1;0;1;0;25.0220673830645;0;2;141.185804708096
0;1;0;0;14.3786904226606;0;0;64.7938803807988
1;0;1;0;26.0368776507292;0;2;144.060910661317
1;1;1;0;26.8549471573852;0;2;149.876850427386
0;0;1;1;22.3835013658062;0;0;108.219329531384
0;0;0;1;16.9496065825356;0;0;76.9724734683406
0;0;1;1;22.1355201470073;0;0;106.163886123929
0;0;1;0;14.4960059158565;0;0;71.6686604662945
0;0;0;0;9.22934576742633;0;0;44.4957690915906
0;1;1;0;19.1787477617593;0;0;92.9334192770657
1;0;1;0;23.5684751261691;0;1;124.499953716846
1;1;1;0;28.2329508595675;0;2;154.978286561564
0;0;0;0;10.6019386929599;0;0;50.2104133054014
1;0;1;1;31.0735894767904;0;1;156.935948058216
0;1;1;0;19.0848389598434;0;0;91.9425946671986
0;0;1;0;13.2575029305227;0;0;68.3645894636124
1;0;1;1;33.3337964455836;0;2;176.448608485935
0;1;1;0;17.4484409665673;0;0;84.2208034590256
1;1;0;1;31.7230366041157;1;2;165.64482739216
1;1;0;0;23.2604637502084;0;1;119.385878573296
0;1;1;1;26.6732738433912;1;0;125.095500386641
0;0;1;1;21.2261238249698;0;0;102.37496438104
1;1;1;0;28.0594097901591;0;1;145.518963834642
1;1;1;1;34.1540465319142;0;2;182.088820769188
1;1;1;0;27.6678801033407;0;2;152.666224206992
1;0;0;1;24.1286570117615;0;1;124.270432712217
0;0;0;1;17.2364355781905;0;0;80.738944021786
1;0;1;0;23.1230355566061;0;1;121.923487340859
1;0;0;0;19.7586881229524;0;2;112.397714055355
1;1;0;0;23.8215343170707;0;2;131.190948168478
1;1;0;0;22.9381719110672;0;2;125.660186864007
0;0;0;0;11.935995452843;0;0;54.2706412856458
0;0;1;1;21.5136387991143;0;0;102.933277804622
1;1;1;0;25.8576857704158;0;1;137.088012969294
0;0;0;1;17.0171790916646;0;0;77.9011753897324
0;1;1;0;19.0563614033917;0;0;90.2359476918225
1;1;1;1;34.9838717388351;1;2;184.961312612637
0;0;0;0;10.362318439256;0;0;49.7571813905956
0;0;1;0;14.3882170121263;0;0;71.8558491903235
0;0;1;1;21.046836172593;0;0;102.870017288828
1;0;1;0;24.2114637354675;0;1;126.97767636636
1;0;0;1;25.7461358920332;0;1;129.595053074151
1;0;0;1;24.5475221001931;0;1;124.518943220253
1;1;0;0;23.6899543116192;0;2;129.307321407769
0;0;1;1;20.3478927180899;0;0;98.4521424315309
1;1;0;0;21.3874528609164;0;1;112.833100872309
0;1;1;0;18.0105508288049;0;0;87.9878273530285
1;0;0;0;19.5418986298657;0;2;112.297798775556
0;0;0;0;8.8433589065111;0;0;43.0009114162152
1;1;0;1;31.075492603532;1;1;153.958144063602
0;1;1;0;20.1680225659062;0;0;96.2899813660782
0;0;0;0;11.246000288649;0;0;50.2820167447393
1;1;1;0;28.0295903506556;0;2;153.866972832612
1;1;0;0;21.836105721714;0;1;114.199749446557
0;0;1;0;14.3625862933106;0;0;70.6679417030675
0;0;1;0;14.498616748194;0;0;70.6001532218951
0;1;0;0;13.1792035175594;0;0;60.6707666344519
0;1;1;1;26.20065025377;1;0;122.766144243563
1;1;1;1;35.2109755378376;1;1;177.104873396407
0;0;1;0;14.1249400937682;0;0;69.8916671122658
0;0;0;1;17.085800510584;0;0;79.1321330802834
1;1;0;0;25.1001172360717;0;2;135.613618232632
1;1;0;0;22.5384741321565;0;1;116.949567564874
1;1;1;1;34.5446106290736;1;1;173.230893278768
0;0;0;1;16.0998853278315;0;0;74.1961269480768
0;0;1;0;16.5217056271507;0;0;79.9924445991557
0;0;0;1;17.1860241171865;0;0;77.7335638054579
0;1;1;0;18.5596823338715;0;0;89.6926550994493
1;0;1;1;30.5146418877194;0;2;165.171397296203
0;1;1;0;19.0129620988803;0;0;92.9893499238978
0;0;1;0;14.3833692588423;0;0;72.5529882463387
0;1;0;1;20.1673444914689;1;0;92.2676866799903
0;1;0;0;13.1403172822268;0;0;62.3431584031326
1;0;0;0;18.7884581833326;0;1;99.8700842576541
1;0;1;1;31.6802860232809;0;1;160.12935492538
0;1;1;0;19.7476588693657;0;0;93.5269673213156
1;1;0;0;24.3112945019352;0;1;122.268715355767
1;1;1;1;35.2455990781798;1;2;185.21771039036
1;1;0;1;28.4700455226955;1;1;142.781480074908
1;1;1;0;27.2010075221612;0;1;141.182248146181
0;0;1;0;15.8238372606633;0;0;77.4266095836959
0;1;0;0;12.8861899753131;0;0;60.908038886689
1;0;1;1;32.1954973352671;0;2;169.637130404862
1;1;0;0;24.7603711832708;0;2;133.679805677537
0;0;1;1;22.6396177993953;0;0;106.97428751414
0;0;1;0;14.6401170662552;0;0;72.5152331857439
0;1;1;0;20.2646499994004;0;0;96.8271595319956
0;0;1;0;17.0689354322797;0;0;81.4017676894851
1;0;0;0;16.6200712736725;0;1;89.5531470244072
1;1;0;1;31.4042389023589;1;2;162.574325788808
0;0;1;0;15.8533859135821;0;0;75.6163611326071
0;0;1;0;15.6789639963062;0;0;74.8589099127018
0;1;1;1;26.0127890050416;1;0;122.592962762478
0;0;0;1;16.7394173302299;0;0;76.4258444221019
1;0;1;0;23.4561229867349;0;1;123.847988262271
0;1;1;0;19.5487624146095;0;0;94.0770803061262
0;0;0;0;10.5436765676629;0;0;50.4125550929941
0;1;1;1;26.1360511190134;1;0;124.744895780528
1;1;1;0;26.9196440569813;0;1;139.699500717805
0;0;0;0;9.12202418334955;0;0;42.7471718936146
0;0;1;0;14.8833128081943;0;0;71.1719276603161
0;0;1;0;17.4780007483409;0;0;82.5243007621069
1;0;1;1;32.2919876959949;0;2;172.181374739545
1;0;0;1;23.5435185838417;0;1;123.584423056289
1;0;1;0;24.0709257152701;0;1;125.595039962232
1;1;1;0;26.7378221923869;0;1;137.493505482404
1;0;0;1;26.5637821073911;0;1;133.288939717364
1;1;1;0;27.7312995177524;0;1;143.080952304495
1;0;0;0;19.4949440588002;0;2;109.27345280741
0;1;1;0;19.5296799005324;0;0;94.2865580946457
0;0;1;1;20.4340500536865;0;0;99.1228307580225
0;0;1;1;22.0886250273172;0;0;105.263584620559
1;0;1;0;23.8289601608775;0;1;124.815703484221
0;1;0;0;14.9941326222368;0;0;68.6482722803968
1;1;1;0;28.2328221867354;0;2;153.888854835815
0;1;1;0;17.1295620194887;0;0;83.1970948736223
0;1;1;0;17.6463635929688;0;0;85.0791792874493
0;0;1;1;22.3599298211887;0;0;106.789289717222
1;0;1;1;31.2454030608159;0;2;167.400991130803
1;0;1;0;24.698635518468;0;2;138.744678647063
0;0;0;1;17.3265987292063;0;0;82.1114337779162
1;1;0;0;23.2640145877835;0;2;129.843734263583
0;0;1;0;14.7192774062219;0;0;71.4780060255973
0;0;0;0;10.051033405956;0;0;49.3346748347474
0;0;1;0;16.2627855126951;0;0;78.9786478439447
1;0;1;1;31.3745321474019;0;2;167.138999996042
1;1;1;0;28.1445040102873;0;2;154.498471631671
1;1;1;0;29.3215388357832;0;1;150.159379242893
0;1;0;0;14.6383764799035;0;0;67.8069622310754
1;0;1;0;24.3402090715646;0;1;128.447828354028
0;0;1;0;16.5436672807265;0;0;79.1716360710653
1;1;1;1;35.1030929946417;1;1;175.057089450842
1;1;1;0;27.1254007269816;0;1;141.643654666741
0;0;1;0;14.2484377112544;0;0;71.2037903126823
0;1;1;0;18.829709600512;0;0;89.255562068476
0;0;0;0;9.5215393589924;0;0;44.7010552780592
1;0;0;0;17.599738408639;0;1;95.7685005535873
1;0;1;1;28.9224522991449;0;1;149.772092453881
1;0;1;1;30.6590321482597;0;1;156.564838570951
1;1;1;1;37.6383486457091;1;2;194.372399125097
0;0;0;0;10.4147369655807;0;0;48.7361338594424
1;1;1;1;33.7983354169766;1;1;173.106222434929
1;1;1;0;28.6031634517989;0;2;154.561010262796
0;1;1;0;18.413544070945;0;0;89.6757378388981
0;0;1;1;20.0707603436981;0;0;98.0571725309056
1;0;0;0;18.6105461793796;0;1;96.7002483964337
0;0;1;0;15.1808911826477;0;0;73.5626289321819
1;0;1;1;31.2365695760329;0;2;166.4511484044
1;0;1;0;21.9049480298022;0;1;118.396570756931
0;0;1;1;22.0945936135108;0;0;103.880979905922
0;1;1;0;18.8774985639317;0;0;90.7996366520934
1;1;0;0;23.8902791215377;0;2;130.975877379235
1;0;1;1;31.2349500262474;0;1;157.957031561945
0;0;1;0;15.1596404693452;0;0;73.2711422332146
1;0;1;1;30.5206469450361;0;2;164.479350160545
0;0;1;1;21.3255479108326;0;0;102.082796821291
1;0;1;0;25.1979569330459;0;2;138.75707697988
1;1;1;0;29.4585467233491;0;2;159.242042522443
1;1;1;1;34.2392979909633;1;2;181.477678231667
0;0;1;0;15.2608405712819;0;0;74.4925098461051
0;1;1;0;17.6641368961427;0;0;85.9249380802517
0;0;0;0;10.4968974468127;0;0;47.2591279227001
0;0;1;0;14.0644498304518;0;0;70.1823219521954
0;0;0;1;18.0857487654823;0;0;82.1748487953925
0;0;1;0;15.3562828438625;0;0;74.952703820098
1;0;1;0;25.1422911239532;0;2;139.472405669402
0;0;0;0;11.6475126017009;0;0;52.7407106783863
1;0;1;1;30.2216324307416;0;1;154.492000837599
0;1;1;0;20.0883697090508;0;0;94.7872439149269
0;0;0;0;10.5044612510019;0;0;48.9518608939113
0;1;0;0;14.4455206632109;0;0;65.062315955338
0;1;1;0;19.9072695183954;0;0;93.8562037126317
0;0;0;0;10.2304102018707;0;0;49.7574422375557
0;1;1;0;19.4761977040726;0;0;91.8483062669559
